[{"PARAMETERS": {"crs": "QgsCoordinateReferenceSystem('EPSG:28355')", "csv": "'C:/Users/dasilvaa/Desktop/Dorset_cadaster/dorset_subset/surveys/t_survey_1.csv'"}, "OUTPUTS": {"native:createpointslayerfromtable_1:vertices": "C:/Users/dasilvaa/Desktop/topo/New folder/ver_t_survey_1.gpkg", "native:fixgeometries_1:parcel": "C:/Users/dasilvaa/Desktop/Dorset_cadaster/dorset_subset/surveys/outputs/parcel_t_survey_1.gpkg"}}, {"PARAMETERS": {"crs": "QgsCoordinateReferenceSystem('EPSG:28355')", "csv": "'C:/Users/dasilvaa/Desktop/Dorset_cadaster/dorset_subset/surveys/t_survey_10.csv'"}, "OUTPUTS": {"native:createpointslayerfromtable_1:vertices": "C:/Users/dasilvaa/Desktop/topo/New folder/ver_t_survey_10.gpkg", "native:fixgeometries_1:parcel": "C:/Users/dasilvaa/Desktop/Dorset_cadaster/dorset_subset/surveys/outputs/parcel_t_survey_10.gpkg"}}, {"PARAMETERS": {"crs": "QgsCoordinateReferenceSystem('EPSG:28355')", "csv": "'C:/Users/dasilvaa/Desktop/Dorset_cadaster/dorset_subset/surveys/t_survey_11.csv'"}, "OUTPUTS": {"native:createpointslayerfromtable_1:vertices": "C:/Users/dasilvaa/Desktop/topo/New folder/ver_t_survey_11.gpkg", "native:fixgeometries_1:parcel": "C:/Users/dasilvaa/Desktop/Dorset_cadaster/dorset_subset/surveys/outputs/parcel_t_survey_11.gpkg"}}, {"PARAMETERS": {"crs": "QgsCoordinateReferenceSystem('EPSG:28355')", "csv": "'C:/Users/dasilvaa/Desktop/Dorset_cadaster/dorset_subset/surveys/t_survey_12.csv'"}, "OUTPUTS": {"native:createpointslayerfromtable_1:vertices": "C:/Users/dasilvaa/Desktop/topo/New folder/ver_t_survey_12.gpkg", "native:fixgeometries_1:parcel": "C:/Users/dasilvaa/Desktop/Dorset_cadaster/dorset_subset/surveys/outputs/parcel_t_survey_12.gpkg"}}, {"PARAMETERS": {"crs": "QgsCoordinateReferenceSystem('EPSG:28355')", "csv": "'C:/Users/dasilvaa/Desktop/Dorset_cadaster/dorset_subset/surveys/t_survey_13.csv'"}, "OUTPUTS": {"native:createpointslayerfromtable_1:vertices": "C:/Users/dasilvaa/Desktop/topo/New folder/ver_t_survey_13.gpkg", "native:fixgeometries_1:parcel": "C:/Users/dasilvaa/Desktop/Dorset_cadaster/dorset_subset/surveys/outputs/parcel_t_survey_13.gpkg"}}, {"PARAMETERS": {"crs": "QgsCoordinateReferenceSystem('EPSG:28355')", "csv": "'C:/Users/dasilvaa/Desktop/Dorset_cadaster/dorset_subset/surveys/t_survey_14.csv'"}, "OUTPUTS": {"native:createpointslayerfromtable_1:vertices": "C:/Users/dasilvaa/Desktop/topo/New folder/ver_t_survey_14.gpkg", "native:fixgeometries_1:parcel": "C:/Users/dasilvaa/Desktop/Dorset_cadaster/dorset_subset/surveys/outputs/parcel_t_survey_14.gpkg"}}, {"PARAMETERS": {"crs": "QgsCoordinateReferenceSystem('EPSG:28355')", "csv": "'C:/Users/dasilvaa/Desktop/Dorset_cadaster/dorset_subset/surveys/t_survey_15.csv'"}, "OUTPUTS": {"native:createpointslayerfromtable_1:vertices": "C:/Users/dasilvaa/Desktop/topo/New folder/ver_t_survey_15.gpkg", "native:fixgeometries_1:parcel": "C:/Users/dasilvaa/Desktop/Dorset_cadaster/dorset_subset/surveys/outputs/parcel_t_survey_15.gpkg"}}, {"PARAMETERS": {"crs": "QgsCoordinateReferenceSystem('EPSG:28355')", "csv": "'C:/Users/dasilvaa/Desktop/Dorset_cadaster/dorset_subset/surveys/t_survey_16.csv'"}, "OUTPUTS": {"native:createpointslayerfromtable_1:vertices": "C:/Users/dasilvaa/Desktop/topo/New folder/ver_t_survey_16.gpkg", "native:fixgeometries_1:parcel": "C:/Users/dasilvaa/Desktop/Dorset_cadaster/dorset_subset/surveys/outputs/parcel_t_survey_16.gpkg"}}, {"PARAMETERS": {"crs": "QgsCoordinateReferenceSystem('EPSG:28355')", "csv": "'C:/Users/dasilvaa/Desktop/Dorset_cadaster/dorset_subset/surveys/t_survey_17.csv'"}, "OUTPUTS": {"native:createpointslayerfromtable_1:vertices": "C:/Users/dasilvaa/Desktop/topo/New folder/ver_t_survey_17.gpkg", "native:fixgeometries_1:parcel": "C:/Users/dasilvaa/Desktop/Dorset_cadaster/dorset_subset/surveys/outputs/parcel_t_survey_17.gpkg"}}, {"PARAMETERS": {"crs": "QgsCoordinateReferenceSystem('EPSG:28355')", "csv": "'C:/Users/dasilvaa/Desktop/Dorset_cadaster/dorset_subset/surveys/t_survey_18.csv'"}, "OUTPUTS": {"native:createpointslayerfromtable_1:vertices": "C:/Users/dasilvaa/Desktop/topo/New folder/ver_t_survey_18.gpkg", "native:fixgeometries_1:parcel": "C:/Users/dasilvaa/Desktop/Dorset_cadaster/dorset_subset/surveys/outputs/parcel_t_survey_18.gpkg"}}, {"PARAMETERS": {"crs": "QgsCoordinateReferenceSystem('EPSG:28355')", "csv": "'C:/Users/dasilvaa/Desktop/Dorset_cadaster/dorset_subset/surveys/t_survey_19.csv'"}, "OUTPUTS": {"native:createpointslayerfromtable_1:vertices": "C:/Users/dasilvaa/Desktop/topo/New folder/ver_t_survey_19.gpkg", "native:fixgeometries_1:parcel": "C:/Users/dasilvaa/Desktop/Dorset_cadaster/dorset_subset/surveys/outputs/parcel_t_survey_19.gpkg"}}, {"PARAMETERS": {"crs": "QgsCoordinateReferenceSystem('EPSG:28355')", "csv": "'C:/Users/dasilvaa/Desktop/Dorset_cadaster/dorset_subset/surveys/t_survey_2.csv'"}, "OUTPUTS": {"native:createpointslayerfromtable_1:vertices": "C:/Users/dasilvaa/Desktop/topo/New folder/ver_t_survey_2.gpkg", "native:fixgeometries_1:parcel": "C:/Users/dasilvaa/Desktop/Dorset_cadaster/dorset_subset/surveys/outputs/parcel_t_survey_2.gpkg"}}, {"PARAMETERS": {"crs": "QgsCoordinateReferenceSystem('EPSG:28355')", "csv": "'C:/Users/dasilvaa/Desktop/Dorset_cadaster/dorset_subset/surveys/t_survey_20.csv'"}, "OUTPUTS": {"native:createpointslayerfromtable_1:vertices": "C:/Users/dasilvaa/Desktop/topo/New folder/ver_t_survey_20.gpkg", "native:fixgeometries_1:parcel": "C:/Users/dasilvaa/Desktop/Dorset_cadaster/dorset_subset/surveys/outputs/parcel_t_survey_20.gpkg"}}, {"PARAMETERS": {"crs": "QgsCoordinateReferenceSystem('EPSG:28355')", "csv": "'C:/Users/dasilvaa/Desktop/Dorset_cadaster/dorset_subset/surveys/t_survey_21.csv'"}, "OUTPUTS": {"native:createpointslayerfromtable_1:vertices": "C:/Users/dasilvaa/Desktop/topo/New folder/ver_t_survey_21.gpkg", "native:fixgeometries_1:parcel": "C:/Users/dasilvaa/Desktop/Dorset_cadaster/dorset_subset/surveys/outputs/parcel_t_survey_21.gpkg"}}, {"PARAMETERS": {"crs": "QgsCoordinateReferenceSystem('EPSG:28355')", "csv": "'C:/Users/dasilvaa/Desktop/Dorset_cadaster/dorset_subset/surveys/t_survey_22.csv'"}, "OUTPUTS": {"native:createpointslayerfromtable_1:vertices": "C:/Users/dasilvaa/Desktop/topo/New folder/ver_t_survey_22.gpkg", "native:fixgeometries_1:parcel": "C:/Users/dasilvaa/Desktop/Dorset_cadaster/dorset_subset/surveys/outputs/parcel_t_survey_22.gpkg"}}, {"PARAMETERS": {"crs": "QgsCoordinateReferenceSystem('EPSG:28355')", "csv": "'C:/Users/dasilvaa/Desktop/Dorset_cadaster/dorset_subset/surveys/t_survey_23.csv'"}, "OUTPUTS": {"native:createpointslayerfromtable_1:vertices": "C:/Users/dasilvaa/Desktop/topo/New folder/ver_t_survey_23.gpkg", "native:fixgeometries_1:parcel": "C:/Users/dasilvaa/Desktop/Dorset_cadaster/dorset_subset/surveys/outputs/parcel_t_survey_23.gpkg"}}, {"PARAMETERS": {"crs": "QgsCoordinateReferenceSystem('EPSG:28355')", "csv": "'C:/Users/dasilvaa/Desktop/Dorset_cadaster/dorset_subset/surveys/t_survey_24.csv'"}, "OUTPUTS": {"native:createpointslayerfromtable_1:vertices": "C:/Users/dasilvaa/Desktop/topo/New folder/ver_t_survey_24.gpkg", "native:fixgeometries_1:parcel": "C:/Users/dasilvaa/Desktop/Dorset_cadaster/dorset_subset/surveys/outputs/parcel_t_survey_24.gpkg"}}, {"PARAMETERS": {"crs": "QgsCoordinateReferenceSystem('EPSG:28355')", "csv": "'C:/Users/dasilvaa/Desktop/Dorset_cadaster/dorset_subset/surveys/t_survey_25.csv'"}, "OUTPUTS": {"native:createpointslayerfromtable_1:vertices": "C:/Users/dasilvaa/Desktop/topo/New folder/ver_t_survey_25.gpkg", "native:fixgeometries_1:parcel": "C:/Users/dasilvaa/Desktop/Dorset_cadaster/dorset_subset/surveys/outputs/parcel_t_survey_25.gpkg"}}, {"PARAMETERS": {"crs": "QgsCoordinateReferenceSystem('EPSG:28355')", "csv": "'C:/Users/dasilvaa/Desktop/Dorset_cadaster/dorset_subset/surveys/t_survey_26.csv'"}, "OUTPUTS": {"native:createpointslayerfromtable_1:vertices": "C:/Users/dasilvaa/Desktop/topo/New folder/ver_t_survey_26.gpkg", "native:fixgeometries_1:parcel": "C:/Users/dasilvaa/Desktop/Dorset_cadaster/dorset_subset/surveys/outputs/parcel_t_survey_26.gpkg"}}, {"PARAMETERS": {"crs": "QgsCoordinateReferenceSystem('EPSG:28355')", "csv": "'C:/Users/dasilvaa/Desktop/Dorset_cadaster/dorset_subset/surveys/t_survey_27.csv'"}, "OUTPUTS": {"native:createpointslayerfromtable_1:vertices": "C:/Users/dasilvaa/Desktop/topo/New folder/ver_t_survey_27.gpkg", "native:fixgeometries_1:parcel": "C:/Users/dasilvaa/Desktop/Dorset_cadaster/dorset_subset/surveys/outputs/parcel_t_survey_27.gpkg"}}, {"PARAMETERS": {"crs": "QgsCoordinateReferenceSystem('EPSG:28355')", "csv": "'C:/Users/dasilvaa/Desktop/Dorset_cadaster/dorset_subset/surveys/t_survey_28.csv'"}, "OUTPUTS": {"native:createpointslayerfromtable_1:vertices": "C:/Users/dasilvaa/Desktop/topo/New folder/ver_t_survey_28.gpkg", "native:fixgeometries_1:parcel": "C:/Users/dasilvaa/Desktop/Dorset_cadaster/dorset_subset/surveys/outputs/parcel_t_survey_28.gpkg"}}, {"PARAMETERS": {"crs": "QgsCoordinateReferenceSystem('EPSG:28355')", "csv": "'C:/Users/dasilvaa/Desktop/Dorset_cadaster/dorset_subset/surveys/t_survey_29.csv'"}, "OUTPUTS": {"native:createpointslayerfromtable_1:vertices": "C:/Users/dasilvaa/Desktop/topo/New folder/ver_t_survey_29.gpkg", "native:fixgeometries_1:parcel": "C:/Users/dasilvaa/Desktop/Dorset_cadaster/dorset_subset/surveys/outputs/parcel_t_survey_29.gpkg"}}, {"PARAMETERS": {"crs": "QgsCoordinateReferenceSystem('EPSG:28355')", "csv": "'C:/Users/dasilvaa/Desktop/Dorset_cadaster/dorset_subset/surveys/t_survey_3.csv'"}, "OUTPUTS": {"native:createpointslayerfromtable_1:vertices": "C:/Users/dasilvaa/Desktop/topo/New folder/ver_t_survey_3.gpkg", "native:fixgeometries_1:parcel": "C:/Users/dasilvaa/Desktop/Dorset_cadaster/dorset_subset/surveys/outputs/parcel_t_survey_3.gpkg"}}, {"PARAMETERS": {"crs": "QgsCoordinateReferenceSystem('EPSG:28355')", "csv": "'C:/Users/dasilvaa/Desktop/Dorset_cadaster/dorset_subset/surveys/t_survey_4.csv'"}, "OUTPUTS": {"native:createpointslayerfromtable_1:vertices": "C:/Users/dasilvaa/Desktop/topo/New folder/ver_t_survey_4.gpkg", "native:fixgeometries_1:parcel": "C:/Users/dasilvaa/Desktop/Dorset_cadaster/dorset_subset/surveys/outputs/parcel_t_survey_4.gpkg"}}, {"PARAMETERS": {"crs": "QgsCoordinateReferenceSystem('EPSG:28355')", "csv": "'C:/Users/dasilvaa/Desktop/Dorset_cadaster/dorset_subset/surveys/t_survey_5.csv'"}, "OUTPUTS": {"native:createpointslayerfromtable_1:vertices": "C:/Users/dasilvaa/Desktop/topo/New folder/ver_t_survey_5.gpkg", "native:fixgeometries_1:parcel": "C:/Users/dasilvaa/Desktop/Dorset_cadaster/dorset_subset/surveys/outputs/parcel_t_survey_5.gpkg"}}, {"PARAMETERS": {"crs": "QgsCoordinateReferenceSystem('EPSG:28355')", "csv": "'C:/Users/dasilvaa/Desktop/Dorset_cadaster/dorset_subset/surveys/t_survey_6.csv'"}, "OUTPUTS": {"native:createpointslayerfromtable_1:vertices": "C:/Users/dasilvaa/Desktop/topo/New folder/ver_t_survey_6.gpkg", "native:fixgeometries_1:parcel": "C:/Users/dasilvaa/Desktop/Dorset_cadaster/dorset_subset/surveys/outputs/parcel_t_survey_6.gpkg"}}, {"PARAMETERS": {"crs": "QgsCoordinateReferenceSystem('EPSG:28355')", "csv": "'C:/Users/dasilvaa/Desktop/Dorset_cadaster/dorset_subset/surveys/t_survey_7.csv'"}, "OUTPUTS": {"native:createpointslayerfromtable_1:vertices": "C:/Users/dasilvaa/Desktop/topo/New folder/ver_t_survey_7.gpkg", "native:fixgeometries_1:parcel": "C:/Users/dasilvaa/Desktop/Dorset_cadaster/dorset_subset/surveys/outputs/parcel_t_survey_7.gpkg"}}, {"PARAMETERS": {"crs": "QgsCoordinateReferenceSystem('EPSG:28355')", "csv": "'C:/Users/dasilvaa/Desktop/Dorset_cadaster/dorset_subset/surveys/t_survey_8.csv'"}, "OUTPUTS": {"native:createpointslayerfromtable_1:vertices": "C:/Users/dasilvaa/Desktop/topo/New folder/ver_t_survey_8.gpkg", "native:fixgeometries_1:parcel": "C:/Users/dasilvaa/Desktop/Dorset_cadaster/dorset_subset/surveys/outputs/parcel_t_survey_8.gpkg"}}, {"PARAMETERS": {"crs": "QgsCoordinateReferenceSystem('EPSG:28355')", "csv": "'C:/Users/dasilvaa/Desktop/Dorset_cadaster/dorset_subset/surveys/t_survey_9.csv'"}, "OUTPUTS": {"native:createpointslayerfromtable_1:vertices": "C:/Users/dasilvaa/Desktop/topo/New folder/ver_t_survey_9.gpkg", "native:fixgeometries_1:parcel": "C:/Users/dasilvaa/Desktop/Dorset_cadaster/dorset_subset/surveys/outputs/parcel_t_survey_9.gpkg"}}]